{"cameraMode":{"drawMode":0,"name":"Shaded","section":"Shading Mode"},"sceneLighting":false,"audioPlay":false,"sceneViewState":{"showFog":true,"showMaterialUpdate":false,"showSkybox":true,"showFlares":true,"showImageEffects":true,"showParticleSystems":true},"in2DMode":false,"pivot":{"x":-10.15999984741211,"y":5.880000114440918,"z":7.989999771118164},"rotation":{"x":-0.18488147854804994,"y":0.022401034832000734,"z":-0.00421533826738596,"w":-0.982496440410614},"size":42.04356384277344,"orthographic":false}