{"cameraMode":{"drawMode":0,"name":"Shaded","section":"Shading Mode"},"sceneLighting":true,"audioPlay":false,"sceneViewState":{"showFog":true,"showMaterialUpdate":false,"showSkybox":true,"showFlares":true,"showImageEffects":true,"showParticleSystems":true},"in2DMode":false,"pivot":{"x":53.83021545410156,"y":-0.591888427734375,"z":24.59773063659668},"rotation":{"x":0.3927976191043854,"y":0.29605016112327578,"z":-0.135201558470726,"w":0.8601074814796448},"size":22.550411224365236,"orthographic":false}