{"cameraMode":{"drawMode":0,"name":"Shaded","section":"Shading Mode"},"sceneLighting":false,"audioPlay":false,"sceneViewState":{"showFog":true,"showMaterialUpdate":false,"showSkybox":true,"showFlares":true,"showImageEffects":true,"showParticleSystems":true},"in2DMode":false,"pivot":{"x":1.608820915222168,"y":7.147712230682373,"z":20.73114585876465},"rotation":{"x":0.06989685446023941,"y":-0.12387056648731232,"z":0.00874759629368782,"w":0.9897949695587158},"size":40.77786636352539,"orthographic":false}