{"cameraMode":{"drawMode":0,"name":"Shaded","section":"Shading Mode"},"sceneLighting":false,"audioPlay":false,"sceneViewState":{"showFog":true,"showMaterialUpdate":false,"showSkybox":true,"showFlares":true,"showImageEffects":true,"showParticleSystems":true},"in2DMode":false,"pivot":{"x":-1.5609999895095826,"y":0.5519999861717224,"z":0.35500001907348635},"rotation":{"x":0.22123552858829499,"y":-0.16726146638393403,"z":0.0385463610291481,"w":0.9599961638450623},"size":1.7312984466552735,"orthographic":false}