{"cameraMode":{"drawMode":0,"name":"Shaded","section":"Shading Mode"},"sceneLighting":true,"audioPlay":false,"sceneViewState":{"showFog":true,"showMaterialUpdate":false,"showSkybox":true,"showFlares":true,"showImageEffects":true,"showParticleSystems":true},"in2DMode":false,"pivot":{"x":0.710175633430481,"y":0.9183792471885681,"z":6.813314437866211},"rotation":{"x":0.22123552858829499,"y":-0.16726146638393403,"z":0.0385463610291481,"w":0.9599961638450623},"size":5.931299686431885,"orthographic":false}