{"cameraMode":{"drawMode":0,"name":"Shaded","section":"Shading Mode"},"sceneLighting":true,"audioPlay":false,"sceneViewState":{"showFog":true,"showMaterialUpdate":false,"showSkybox":true,"showFlares":true,"showImageEffects":true,"showParticleSystems":true},"in2DMode":false,"pivot":{"x":2.8594322204589845,"y":-8.488040924072266,"z":38.42500305175781},"rotation":{"x":0.11462359130382538,"y":0.019370300695300103,"z":-0.0022354789543896915,"w":0.9932176470756531},"size":47.551029205322269,"orthographic":false}