{"cameraMode":{"drawMode":0,"name":"Shaded","section":"Shading Mode"},"sceneLighting":false,"audioPlay":false,"sceneViewState":{"showFog":true,"showMaterialUpdate":false,"showSkybox":true,"showFlares":true,"showImageEffects":true,"showParticleSystems":true},"in2DMode":false,"pivot":{"x":-10.15999984741211,"y":6.340000152587891,"z":7.989999771118164},"rotation":{"x":0.5157785415649414,"y":0.09899916499853134,"z":-0.060153618454933169,"w":0.848854124546051},"size":42.04356384277344,"orthographic":false}